"","Identifier","Creator","Title","Downloads","Date"
"1","midnight-radio-33","midnightradio compilation","Midnight Radio Compilation 33",255,"2015-01-02 09:28:47"
"2","MidnightRadio43","midnightradio compilation","Midnight Radio Compilation 43",183,"2015-06-16 08:09:18"
"3","MidnightRadio40","midnightradio compilation","Midnight Radio Compilation 40",256,"2015-05-07 06:16:10"
"4","MidnightRadioCompilationVariousArtists4","midnightradio compilation","Midnight Radio compilation various artists 4.",522,"2013-11-05 09:33:31"
"5","MidnightRadio77","midnightradio compilation","Midnight Radio 77",85,"2016-11-29 07:58:39"
"6","MidnightRadioCompilationVariousArtists24","midnightradio compilation","Midnight Radio compilation various artists 24",176,"2014-08-14 09:30:06"
"7","MidnightRadioZauberhafteJuliaBeautifulJuliaEdition2015","midnightradio compilation","Midnight Radio Compilation Zauberhafte Julia Beautiful Julia Edition 2015",205,"2015-04-03 07:41:08"
"8","MidnightRadio46","midnightradio compilation","Midnight Radio Compilation 46",154,"2015-08-13 08:22:02"
"9","MidnightRadio41","midnightradio compilation","Midnight Radio Compilation 41",157,"2015-05-21 06:20:16"
"10","MidnightRadio54","midnightradio compilation","Midnight Radio 54",118,"2015-12-16 08:40:29"
"11","MidnightRadioCompilationVariousArtists27","midnightradio compilation","Midnight Radio compilation various artists 27",265,"2014-09-25 13:49:49"
"12","MidnightRadioCompilationVariousArtists8","midnightradio compilation","Midnight Radio compilation various artists 8.",520,"2014-01-02 15:02:52"
"13","MidnightRadioCompilationVariousArtists31","midnightradio compilation","Midnight Radio compilation various artists 31",317,"2014-11-20 17:38:06"
"14","MidnightRadioCompilationVariousArtists7","midnightradio compilation","Midnight Radio compilation various artists 7.",382,"2013-12-19 22:03:36"
"15","MidnightRadioCompilationVariousArtists21","midnightradio compilation","Midnight Radio compilation various artists 21.",527,"2014-07-03 07:39:15"
"16","MidnightRadioCompilationVariousArtists19","midnightradio compilation","Midnight Radio compilation various artists 19.",508,"2014-06-05 07:42:21"
"17","MidnightRadio69","midnightradio compilation","Midnight Radio 69",87,"2016-07-27 13:21:47"
"18","midnightRadio55","midnightradio compilation","Midnight Radio 55",110,"2015-12-31 13:45:08"
"19","MidnightRadioCompilationVariousArtists13","midnightradio compilation","Midnight Radio compilation various artists 13.",401,"2014-03-13 07:07:52"
"20","MidnightRadio79","midnightradio compilation","Midnight Radio 79",67,"2017-02-24 10:10:55"
"21","MidnightRadiocompilationvariousartists37","midnightradio compilation","Midnight Radio Compilation 37",304,"2015-03-26 09:43:07"
"22","MidnightRadioCompilationVariousArtists3","midnightradio compilation","Midnight Radio compilation various artists 3.",844,"2013-10-23 11:23:40"
"23","MidnightRadio45","midnightradio compilation","Midnight Radio Compilation 45",154,"2015-07-16 09:18:29"
"24","MidnightRadioCompilationVariousArtists18","midnightradio compilation","Midnight Radio compilation various artists 18.",504,"2014-05-21 15:39:08"
"25","MidnightRadioCompilationVariousArtists25","midnightradio compilation","Midnight Radio compilation various artists 25",271,"2014-08-28 08:19:24"
"26","MidnightRadio42","midnightradio compilation","Midnight Radio Compilation 42",226,"2015-06-05 07:55:50"
"27","MidnightRadio65","midnightradio compilation","Midnight Radio 65",116,"2016-05-31 04:50:24"
"28","MidnightRadio63","midnightradio compilation","Midnight Radio 63",110,"2016-05-02 07:22:04"
"29","MidnightRadio68","midnightradio compilation","Midnight Radio 68",105,"2016-07-14 07:47:30"
"30","MidnightRadio39","midnightradio compilation","Midnight Radio Compilation 39",203,"2015-04-23 05:44:05"
"31","MidnightRadio67","midnightradio compilation","Midnight Radio 67",110,"2016-06-29 14:53:20"
"32","MidnightRadioCompilationVariousArtists28","midnightradio compilation","Midnight Radio compilation various artists 28",328,"2014-10-09 08:20:42"
"33","MidnightRadioCompilationVariousArtists20","midnightradio compilation","Midnight Radio compilation various artists 20.",485,"2014-06-20 06:41:23"
"34","MidnightRadioCompilationVariousArtists11","midnightradio compilation","Midnight Radio compilation various artists 11.",480,"2014-02-13 09:49:59"
"35","endraum_unitybox_MR32","midnightradio compilation","Midnight Radio compilation various artists 32",249,"2014-12-19 23:36:14"
"36","MidnightRadio73","midnightradio compilation","Midnight Radio 73",68,"2016-10-04 06:38:13"
"37","MidnightRadioCompilationVariousArtists16","midnightradio compilation","Midnight Radio compilation various artists 16.",752,"2014-04-24 10:05:23"
"38","MidnightRadio57","midnightradio compilation","Midnight Radio 57",161,"2016-01-28 08:13:20"
"39","MidnightRadio53","midnightradio compilation","Midnight Radio 53",155,"2015-12-03 09:12:48"
"40","MidnightRadio51","midnightradio compilation","Midnight Radio Compilation 51",180,"2015-10-22 06:47:46"
"41","MidnightRadio70","midnightradio compilation","Midnight Radio 70",119,"2016-08-09 07:59:09"
"42","MidnightRadio80","midnightradio compilation","Midnight Radio 80",95,"2017-03-08 22:33:14"
"43","MidnightRadioCompilationVariousArtists12","midnightradio compilation","Midnight Radio compilation various artists 12.",678,"2014-02-27 07:26:48"
"44","MidnightradioCompilationMidnightRadioCompilation100","midnightradio compilation","Midnight Radio 100",79,"2017-06-13 14:36:59"
"45","MidnightRadioCompilationVariousArtists2","midnightradio compilation","Midnight Radio compilation various artists 2.",895,"2013-10-06 11:31:57"
"46","MidnightRadio64","midnightradio compilation","Midnight Radio 64",110,"2016-05-17 06:46:05"
"47","MidnightRadio72","midnightradio compilation","Midnight Radio 72",71,"2016-09-21 10:12:07"
"48","MidnightRadio75","midnightradio compilation","Midnight Radio 75",89,"2016-11-03 07:17:13"
"49","MidnightRadio56","midnightradio compilation","Midnight Radio 56",113,"2016-01-14 16:23:30"
"50","MidnightRadio82","midnightradio compilation","Midnight Radio 82",50,"2017-04-07 20:39:53"
"51","MidnightRadio84","midnightradio compilation","Midnight Radio 84",54,"2017-05-08 11:44:16"
"52","MidnightRadioValentinesDayEdition2016","midnightradio compilation","Midnight Radio Valentines Day Edition 2016",157,"2016-02-14 14:59:13"
"53","MidnightRadioCompilationVariousArtists10","midnightradio compilation","Midnight Radio compilation various artists 10.",340,"2014-01-30 13:30:17"
"54","MidnightRadio44","midnightradio compilation","Midnight Radio Compilation 44",197,"2015-07-01 08:24:18"
"55","MidnightRadio78","midnightradio compilation","Midnight Radio 78",93,"2016-12-12 09:09:24"
"56","MidnightRadio71","midnightradio compilation","Midnight Radio 71",75,"2016-08-24 21:48:51"
"57","MidnightRadio76","midnightradio compilation","Midnight Radio 76",102,"2016-11-13 14:14:05"
"58","MidnightRadio74","midnightradio compilation","Midnight Radio 74",90,"2016-10-18 12:29:24"
"59","MidnightRadio58","midnightradio compilation","Midnight Radio 58",121,"2016-02-25 10:50:21"
"60","MrcMixForMidnightRadioCompilationByKreativephasen","midnightradio compilation","MRC Mix for Midnight Radio Compilation By kreativephasen",89,"2014-04-28 07:32:18"
"61","MidnightRadio60","midnightradio compilation","Midnight Radio 60",121,"2016-03-21 08:05:34"
"62","MRchristmas2014","midnightradio compilation","Midnight Radio compilation christmas edition 2014",257,"2014-12-24 12:58:35"
"63","MidnightRadio6","midnightradio compilation","Midnight Radio Compilation 6",134,"2015-05-27 08:03:03"
"64","MidnightRadio49_201706","midnightradio compilation","Midnight Radio 49",41,"2017-06-12 15:17:00"
"65","MidnightRadio62","midnightradio compilation","Midnight Radio 62",115,"2016-04-21 07:24:37"
"66","MidnightRadioCompilationAfterHourSessionByKreativephasen","midnightradio compilation","Midnight Radio Compilation After Hour Session by kreativephasen",102,"2014-05-03 09:13:36"
"67","midnightradio36","midnightradio compilation","Midnight Radio Compilation 36",216,"2015-03-12 07:54:48"
"68","endraum_unitybox_MR34","midnightradio compilation","Midnight Radio Compilation 34",297,"2015-01-27 09:36:55"
"69","MidnightRadio66","midnightradio compilation","Midnight Radio 66",95,"2016-06-14 08:32:11"
"70","MidnightRadio61","midnightradio compilation","Midnight Radio 61",125,"2016-04-03 12:38:37"
"71","MidnightRadio59","midnightradio compilation","Midnight Radio 59",140,"2016-03-08 11:01:16"
"72","MidnightRadioCompilationVariousArtists30","midnightradio compilation","Midnight Radio compilation various artists 30",271,"2014-11-06 12:32:07"
"73","MidnightRadio47","midnightradio compilation","Midnight Radio Compilation 47",166,"2015-08-26 07:28:27"
"74","MidnightRadio38","midnightradio compilation","Midnight Radio Compilation 38",213,"2015-04-09 09:01:39"
"75","MidnightRadio52","midnightradio compilation","Midnight Radio Compilation 52",194,"2015-11-19 08:16:27"
"76","MidnightRadioCompilationVariousArtists17","midnightradio compilation","Midnight Radio compilation various artists 17.",446,"2014-05-08 16:13:17"
"77","MidnightRadioNipplesEdition","midnightradio compilation","Midnight Radio Nipples Edition",261,"2015-10-16 10:19:01"
"78","MidnightRadioYourFirstTrackYouRecordedEdition","midnightradio compilation","Midnight Radio Your First Track You Recorded Edition",79,"2017-06-12 13:52:57"
"79","MidnightRadioCompilationVariousArtists22","midnightradio compilation","Midnight Radio compilation various artists 22",391,"2014-07-17 11:12:19"
"80","MidnightRadioCompilationVariousArtists23","midnightradio compilation","Midnight Radio compilation various artists 23",562,"2014-07-31 07:54:56"
"81","MidnightRadioCompilationVariousArtists15","midnightradio compilation","Midnight Radio compilation various artists 15.",803,"2014-04-09 07:29:11"
"82","MidnightRadioCompilationVariousArtists29","midnightradio compilation","Midnight Radio compilation various artists 29",282,"2014-10-23 08:42:08"
"83","MidnightRadio83","midnightradio compilation","Midnight Radio 83",52,"2017-04-22 14:36:34"
"84","ScottLawlorTheBlindFlight","midnightradio compilation","Scott Lawlor The Blind Flight for June 19, 2015 podcast midnightradio special",78,"2015-06-22 09:38:07"
"85","MidnightRadioCompilationVariousArtists9","midnightradio compilation","Midnight Radio compilation various artists 9.",438,"2014-01-16 08:56:34"
"86","MidnightRadioCompilationValentinesDayEdition2015","midnightradio compilation","Midnight Radio Compilation Valentines Day Edition 2015",365,"2015-02-13 08:27:53"
"87","MidnightRadioCompilationVariousArtists26","midnightradio compilation","Midnight Radio compilation various artists 26",483,"2014-09-11 08:25:57"
"88","MidnightRadioCompilationVariousArtists5","midnightradio compilation","Midnight Radio compilation various artists 5.",396,"2013-11-22 08:07:59"
"89","MidnightRadioCompilationVariousArtists1","midnightradio compilation","Midnight Radio compilation various artists 1.",394,"2013-09-24 08:01:42"
"90","MidnightRadio48_201706","midnightradio compilation","Midnight Radio 48",53,"2017-06-12 14:39:50"
"91","MidnightRadio50","midnightradio compilation","Midnight Radio Compilation 50",173,"2015-10-07 08:07:32"
"92","MidnightRadio81","midnightradio compilation","Midnight Radio 81",67,"2017-03-22 08:48:28"
"93","MidnightRadio35","midnightradio compilation","Midnight Radio Compilation 35",223,"2015-02-26 09:05:36"
"94","MidnightRadio85","midnightradio compilation","Midnight Radio 85",67,"2017-05-26 23:13:53"
